Muneer_Alam muneer.alam@gmail.com muneer_320  Muneer@123
Hina_Malik  hina.malik@gmail.com  hina_malik  Hina@777
Kabir_Chopra    kabir.chopra@gmail.com    kabir_chopra    Kabir@000
Arjun_Patel arjun.patel@gmail.com arjun_patel Arjun@789
Vikram_Singh    vikram.singh@gmail.com    vikram_singh    Vikram@010
Dev_Patel   dev.patel@gmail.com   dev_patel   Dev@444
Rahul_Kumar rahul.kumar@gmail.com rahul_kumar Rahul@666
Naveen_Rao  naveen.rao@gmail.com  naveen_rao  Naveen@505
Sana_Ahmed  sana.ahmed@gmail.com  sana_ahmed  Sana@808
Nisha_Hussain   nisha.hussain@gmail.com   nisha_hussain   Nisha@333
Maya_Syed   maya.syed@gmail.com   maya_syed   Maya@404
Omar_Singh  omar.singh@gmail.com  omar_singh  Omar@444
Mohit_Ahmed mohit.ahmed@gmail.com mohit_ahmed Mohit@222
Aisha_Khan  aisha.khan@gmail.com  aisha_khan  Aisha@456
Aarav_Singh aarav.singh@gmail.com aarav_singh Aarav@123
Tariq_Hussain   tariq.hussain@gmail.com   tariq_hussain   Tariq@909
Farah_Khan  farah.khan@gmail.com  farah_khan  Farah@555
Kiran_Malik kiran.malik@gmail.com kiran_malik Kiran@303
Ishaan_Sharma   ishaan.sharma@gmail.com   ishaan_sharma   Ishaan@202
Bushra_Shaikh   bushra.shaikh@gmail.com   bushra_shaikh   Bushra@333
Gaurav_Sharma   gaurav.sharma@gmail.com   gaurav_sharma   Gaurav@666
Laila_Gupta laila.gupta@gmail.com laila_gupta Laila@111
Pooja_Chopra    pooja.chopra@gmail.com    pooja_chopra    Pooja@606
Zara_Begum  zara.begum@gmail.com  zara_begum  Zara@111
Jaya_Rao    jaya.rao@gmail.com    jaya_rao    Jaya@999
Imran_Syed  imran.syed@gmail.com  imran_syed  Imran@888
Priya_Begum priya.begum@gmail.com priya_begum Priya@555
Aman_Kumar  aman.kumar@gmail.com  aman_kumar  Aman@222
Ravi_Gupta  ravi.gupta@gmail.com  ravi_gupta  Ravi@707
Fatima_Ali  fatima.ali@gmail.com  fatima_ali  Fatima@101
Marvin_Johannathan_Haokip	marv.hkp@gmail.com	marv.hkp	marvellous_marv
